STATION,STATION_NAME,DATE,PRCP,SNWD,SNOW,TMAX,TMIN,AWND,WDF2,WDF5,WSF2,WSF5,WT01,WT02,WT03,WT04,WT05
GHCND:US-SEATTLE-T1,SEATTLE,20140101,72,7,1,87,48,89,316,306,73,67,-9999,-9999,-9999,-9999,-9999
GHCND:US-SEATTLE-T1,SEATTLE,20140102,74,3,8,41,27,119,129,265,79,175,-9999,-9999,-9999,-9999,-9999
GHCND:US-SEATTLE-T1,SEATTLE,20140103,146,4,3,38,40,104,191,260,94,112,1,-9999,-9999,-9999,-9999
GHCND:US-SEATTLE-T1,SEATTLE,20140104,42,9,1,55,52,66,67,175,172,94,-9999,-9999,-9999,-9999,-9999
GHCND:US-SEATTLE-T1,SEATTLE,20140105,33,12,6,68,26,124,123,329,104,190,-9999,-9999,-9999,-9999,-9999
GHCND:US-SEATTLE-T1,SEATTLE,20140106,102,0,6,37,61,132,230,155,85,10,-9999,-9999,-9999,-9999,-9999
GHCND:US-SEATTLE-T1,SEATTLE,20140107,33,17,8,63,59,51,159,185,169,102,1,-9999,1,-9999,-9999
GHCND:US-SEATTLE-T1,SEATTLE,20140108,60,19,5,90,48,78,92,93,194,142,-9999,-9999,-9999,1,-9999
GHCND:US-SEATTLE-T1,SEATTLE,20140109,144,10,3,41,63,24,55,107,11,52,-9999,1,-9999,-9999,-9999
GHCND:US-SEATTLE-T1,SEATTLE,20140110,40,3,9,88,52,74,45,169,107,109,-9999,-9999,-9999,-9999,1
GHCND:US-SEATTLE-T1,SEATTLE,20140111,56,5,4,58,59,120,23,151,192,192,-9999,-9999,-9999,1,-9999
GHCND:US-SEATTLE-T1,SEATTLE,20140112,44,18,6,68,38,21,214,178,13,161,1,-9999,1,-9999,-9999
GHCND:US-SEATTLE-T1,SEATTLE,20140113,82,5,2,35,57,35,251,183,121,4,-9999,-9999,-9999,-9999,-9999
GHCND:US-SEATTLE-T1,SEATTLE,20140114,4,11,8,83,49,102,102,202,116,163,-9999,-9999,1,-9999,-9999
GHCND:US-SEATTLE-T1,SEATTLE,20140115,23,17,7,74,54,141,123,220,31,143,-9999,-9999,-9999,-9999,-9999
GHCND:US-SEATTLE-T1,SEATTLE,20140116,75,1,3,50,33,126,122,276,54,180,-9999,-9999,-9999,-9999,-9999
GHCND:US-SEATTLE-T1,SEATTLE,20140117,140,16,4,72,38,110,218,280,55,40,-9999,-9999,-9999,-9999,-9999
GHCND:US-SEATTLE-T1,SEATTLE,20140118,131,15,5,36,56,134,88,247,8,105,-9999,-9999,-9999,-9999,-9999
GHCND:US-SEATTLE-T1,SEATTLE,20140119,70,17,6,81,46,94,308,283,124,75,-9999,-9999,-9999,-9999,-9999
GHCND:US-SEATTLE-T1,SEATTLE,20140120,27,18,8,93,40,118,12,196,57,148,-9999,1,-9999,-9999,-9999
GHCND:US-SEATTLE-T1,SEATTLE,20140121,46,12,3,74,45,94,82,109,186,92,-9999,-9999,1,-9999,-9999
GHCND:US-SEATTLE-T1,SEATTLE,20140122,17,10,8,44,27,46,228,230,180,185,-9999,-9999,-9999,-9999,-9999
GHCND:US-SEATTLE-T1,SEATTLE,20140123,100,0,7,85,64,29,59,174,156,67,-9999,-9999,-9999,-9999,-9999
GHCND:US-SEATTLE-T1,SEATTLE,20140124,28,15,4,58,37,130,270,46,99,63,-9999,-9999,-9999,-9999,-9999
GHCND:US-SEATTLE-T1,SEATTLE,20140125,73,3,4,88,44,103,277,23,144,20,-9999,-9999,-9999,1,-9999
GHCND:US-SEATTLE-T1,SEATTLE,20140126,122,15,9,74,50,142,266,17,129,165,-9999,-9999,-9999,-9999,-9999
GHCND:US-SEATTLE-T1,SEATTLE,20140127,53,3,1,45,26,21,145,107,182,71,-9999,-9999,-9999,-9999,-9999
GHCND:US-SEATTLE-T1,SEATTLE,20140128,9,0,5,91,29,65,272,208,73,156,-9999,1,-9999,-9999,-9999
GHCND:US-SEATTLE-T1,SEATTLE,20140129,132,15,6,41,56,57,45,80,130,84,-9999,-9999,-9999,-9999,-9999
GHCND:US-SEATTLE-T1,SEATTLE,20140130,38,9,6,77,28,32,206,54,85,184,-9999,-9999,-9999,-9999,-9999
GHCND:US-SEATTLE-T1,SEATTLE,20140131,51,14,6,36,39,34,19,24,61,159,-9999,-9999,-9999,-9999,-9999
GHCND:US-SEATTLE-T1,SEATTLE,20140201,38,1,5,82,42,60,88,341,189,195,1,-9999,-9999,-9999,-9999
GHCND:US-SEATTLE-T1,SEATTLE,20140202,51,14,7,77,34,142,276,156,53,87,-9999,-9999,-9999,-9999,-9999
GHCND:US-SEATTLE-T1,SEATTLE,20140203,65,6,8,58,40,76,55,245,35,77,-9999,1,-9999,-9999,-9999
GHCND:US-SEATTLE-T1,SEATTLE,20140204,86,3,1,41,50,30,187,196,85,105,-9999,-9999,-9999,-9999,-9999
GHCND:US-SEATTLE-T1,SEATTLE,20140205,57,3,3,90,33,84,212,37,180,115,-9999,-9999,-9999,-9999,-9999
GHCND:US-SEATTLE-T1,SEATTLE,20140206,113,15,3,36,35,124,101,210,166,152,-9999,-9999,-9999,-9999,-9999
GHCND:US-SEATTLE-T1,SEATTLE,20140207,136,12,6,45,42,33,70,292,48,132,1,1,-9999,-9999,-9999
GHCND:US-SEATTLE-T1,SEATTLE,20140208,103,5,7,46,39,92,327,101,7,9,-9999,-9999,-9999,-9999,-9999
GHCND:US-SEATTLE-T1,SEATTLE,20140209,106,6,1,50,34,115,150,316,77,83,-9999,-9999,-9999,-9999,-9999
GHCND:US-SEATTLE-T1,SEATTLE,20140210,46,0,0,83,56,120,171,122,31,188,-9999,-9999,-9999,-9999,-9999
GHCND:US-SEATTLE-T1,SEATTLE,20140211,72,12,3,81,52,50,161,92,15,103,-9999,-9999,-9999,-9999,-9999
GHCND:US-SEATTLE-T1,SEATTLE,20140212,68,16,8,78,46,21,208,120,70,64,-9999,-9999,-9999,1,-9999
GHCND:US-SEATTLE-T1,SEATTLE,20140213,119,4,1,69,51,92,310,120,197,133,-9999,-9999,1,-9999,-9999
GHCND:US-SEATTLE-T1,SEATTLE,20140214,7,10,1,86,33,134,83,41,74,99,-9999,-9999,-9999,-9999,-9999
GHCND:US-SEATTLE-T1,SEATTLE,20140215,139,1,7,36,48,103,149,98,160,65,-9999,-9999,-9999,-9999,-9999
GHCND:US-SEATTLE-T1,SEATTLE,20140216,87,17,2,75,41,102,355,303,120,136,-9999,-9999,-9999,-9999,-9999
GHCND:US-SEATTLE-T1,SEATTLE,20140217,72,5,1,63,38,86,252,113,172,152,-9999,1,-9999,-9999,-9999
GHCND:US-SEATTLE-T1,SEATTLE,20140218,6,10,3,35,38,64,3,156,198,119,-9999,-9999,-9999,-9999,-9999
GHCND:US-SEATTLE-T1,SEATTLE,20140219,21,2,8,35,61,71,128,58,133,56,1,-9999,1,-9999,-9999
GHCND:US-SEATTLE-T1,SEATTLE,20140220,44,4,1,66,52,148,17,211,132,102,-9999,1,-9999,-9999,-9999
GHCND:US-SEATTLE-T1,SEATTLE,20140221,46,4,4,91,37,125,295,101,68,186,-9999,-9999,-9999,-9999,1
GHCND:US-SEATTLE-T1,SEATTLE,20140222,47,16,0,93,44,87,70,357,157,187,-9999,-9999,-9999,-9999,-9999
GHCND:US-SEATTLE-T1,SEATTLE,20140223,65,6,6,74,33,121,259,213,49,117,-9999,-9999,-9999,-9999,-9999
GHCND:US-SEATTLE-T1,SEATTLE,20140224,142,6,0,55,43,66,99,56,146,37,-9999,-9999,-9999,-9999,1
GHCND:US-SEATTLE-T1,SEATTLE,20140225,48,2,6,94,43,94,14,280,119,127,-9999,-9999,-9999,-9999,-9999
GHCND:US-SEATTLE-T1,SEATTLE,20140226,93,6,1,59,47,108,306,119,165,12,-9999,-9999,-9999,-9999,-9999
GHCND:US-SEATTLE-T1,SEATTLE,20140227,20,1,6,64,61,145,242,248,81,148,-9999,-9999,-9999,-9999,-9999
GHCND:US-SEATTLE-T1,SEATTLE,20140228,19,17,0,88,29,131,21,225,88,74,1,-9999,-9999,-9999,-9999
GHCND:US-SEATTLE-T1,SEATTLE,20140301,108,16,2,42,52,57,20,324,108,198,-9999,-9999,-9999,-9999,-9999
GHCND:US-SEATTLE-T1,SEATTLE,20140302,63,0,5,44,57,104,88,246,64,76,-9999,-9999,-9999,-9999,-9999
GHCND:US-SEATTLE-T1,SEATTLE,20140303,18,16,6,50,63,109,122,149,154,183,-9999,-9999,-9999,-9999,-9999
GHCND:US-SEATTLE-T1,SEATTLE,20140304,68,8,4,61,33,130,59,115,31,102,-9999,-9999,-9999,-9999,-9999
GHCND:US-SEATTLE-T1,SEATTLE,20140305,38,12,4,51,53,117,312,267,167,121,-9999,-9999,-9999,-9999,-9999
GHCND:US-SEATTLE-T1,SEATTLE,20140306,37,11,4,83,60,22,359,104,43,121,-9999,-9999,-9999,-9999,-9999
GHCND:US-SEATTLE-T1,SEATTLE,20140307,44,18,8,81,25,148,345,188,125,1,-9999,-9999,-9999,-9999,-9999
GHCND:US-SEATTLE-T1,SEATTLE,20140308,45,8,3,80,51,131,167,7,97,80,-9999,-9999,-9999,-9999,-9999
GHCND:US-SEATTLE-T1,SEATTLE,20140309,65,13,9,94,41,120,353,82,80,71,-9999,-9999,-9999,-9999,-9999
GHCND:US-SEATTLE-T1,SEATTLE,20140310,120,10,9,60,59,43,356,263,152,181,1,-9999,-9999,-9999,-9999
GHCND:US-SEATTLE-T1,SEATTLE,20140311,50,10,1,58,56,40,323,308,171,119,1,-9999,-9999,-9999,-9999
GHCND:US-SEATTLE-T1,SEATTLE,20140312,113,0,8,72,29,35,170,49,146,29,-9999,-9999,-9999,-9999,-9999
GHCND:US-SEATTLE-T1,SEATTLE,20140313,12,6,4,38,27,106,74,192,197,116,-9999,-9999,-9999,-9999,-9999
GHCND:US-SEATTLE-T1,SEATTLE,20140314,29,1,8,60,33,99,105,110,116,110,1,-9999,-9999,-9999,-9999
GHCND:US-SEATTLE-T1,SEATTLE,20140315,98,19,1,35,53,30,27,302,84,12,-9999,-9999,-9999,-9999,-9999
GHCND:US-SEATTLE-T1,SEATTLE,20140316,72,14,9,77,58,94,140,156,105,14,-9999,-9999,1,-9999,-9999
GHCND:US-SEATTLE-T1,SEATTLE,20140317,1,11,9,52,27,91,53,44,141,142,1,-9999,-9999,-9999,-9999
GHCND:US-SEATTLE-T1,SEATTLE,20140318,2,8,3,83,46,125,154,19,48,31,-9999,-9999,-9999,-9999,-9999
GHCND:US-SEATTLE-T1,SEATTLE,20140319,111,6,9,73,50,129,358,105,61,104,-9999,-9999,-9999,-9999,-9999
GHCND:US-SEATTLE-T1,SEATTLE,20140320,45,5,7,89,58,123,113,179,2,52,-9999,-9999,-9999,-9999,-9999
GHCND:US-SEATTLE-T1,SEATTLE,20140321,29,4,9,42,38,79,61,19,137,56,1,-9999,-9999,-9999,-9999
GHCND:US-SEATTLE-T1,SEATTLE,20140322,16,0,1,82,29,111,320,121,12,176,-9999,-9999,-9999,-9999,-9999
GHCND:US-SEATTLE-T1,SEATTLE,20140323,137,8,3,51,45,49,38,302,163,126,-9999,-9999,1,-9999,-9999
GHCND:US-SEATTLE-T1,SEATTLE,20140324,37,4,2,57,36,128,315,295,50,30,1,-9999,-9999,-9999,-9999
GHCND:US-SEATTLE-T1,SEATTLE,20140325,18,16,3,89,59,84,146,73,107,62,1,-9999,-9999,-9999,-9999
GHCND:US-SEATTLE-T1,SEATTLE,20140326,72,14,7,84,39,110,39,85,52,32,-9999,-9999,-9999,-9999,-9999
GHCND:US-SEATTLE-T1,SEATTLE,20140327,0,3,5,94,36,116,140,199,82,168,-9999,-9999,-9999,1,-9999
GHCND:US-SEATTLE-T1,SEATTLE,20140328,134,16,7,50,45,140,204,159,160,24,-9999,-9999,-9999,-9999,-9999
GHCND:US-SEATTLE-T1,SEATTLE,20140329,55,10,9,62,35,80,287,52,175,91,1,-9999,-9999,-9999,-9999
GHCND:US-SEATTLE-T1,SEATTLE,20140330,7,0,4,59,57,104,289,66,116,149,-9999,1,-9999,-9999,-9999
GHCND:US-SEATTLE-T1,SEATTLE,20140331,59,17,2,37,46,62,277,323,164,105,-9999,1,-9999,-9999,-9999
GHCND:US-SEATTLE-T1,SEATTLE,20140401,122,1,8,63,49,63,337,201,158,179,-9999,-9999,1,-9999,-9999
GHCND:US-SEATTLE-T1,SEATTLE,20140402,50,9,4,94,50,107,182,35,49,183,-9999,-9999,1,-9999,-9999
GHCND:US-SEATTLE-T1,SEATTLE,20140403,21,18,8,62,64,22,156,99,136,116,-9999,-9999,-9999,-9999,-9999
GHCND:US-SEATTLE-T1,SEATTLE,20140404,15,14,8,51,40,117,81,323,191,144,1,-9999,-9999,-9999,-9999
GHCND:US-SEATTLE-T1,SEATTLE,20140405,139,11,2,61,48,24,274,181,155,32,-9999,-9999,-9999,-9999,-9999
GHCND:US-SEATTLE-T1,SEATTLE,20140406,128,15,9,68,57,138,359,196,67,63,-9999,-9999,-9999,-9999,-9999
GHCND:US-SEATTLE-T1,SEATTLE,20140407,29,19,6,88,28,21,123,312,145,13,-9999,-9999,-9999,-9999,-9999
GHCND:US-SEATTLE-T1,SEATTLE,20140408,118,13,3,79,33,113,88,187,54,82,1,-9999,-9999,-9999,-9999
GHCND:US-SEATTLE-T1,SEATTLE,20140409,146,9,0,73,31,38,181,198,105,114,-9999,-9999,-9999,-9999,-9999
GHCND:US-SEATTLE-T1,SEATTLE,20140410,9,9,1,94,62,80,24,297,177,160,-9999,-9999,-9999,-9999,-9999
GHCND:US-SEATTLE-T1,SEATTLE,20140411,23,3,9,82,28,26,84,154,62,10,-9999,-9999,-9999,-9999,-9999
GHCND:US-SEATTLE-T1,SEATTLE,20140412,128,0,2,84,43,146,307,357,163,94,-9999,-9999,-9999,-9999,-9999
GHCND:US-SEATTLE-T1,SEATTLE,20140413,70,13,0,39,35,52,285,52,15,148,-9999,-9999,-9999,-9999,-9999
GHCND:US-SEATTLE-T1,SEATTLE,20140414,33,6,2,43,58,143,183,171,54,39,-9999,-9999,1,-9999,-9999
GHCND:US-SEATTLE-T1,SEATTLE,20140415,4,4,9,57,61,112,177,289,168,29,1,-9999,-9999,-9999,-9999
GHCND:US-SEATTLE-T1,SEATTLE,20140416,37,3,5,62,40,124,312,44,55,27,-9999,-9999,-9999,-9999,-9999
GHCND:US-SEATTLE-T1,SEATTLE,20140417,65,3,5,35,36,82,298,148,121,82,-9999,-9999,-9999,-9999,-9999
GHCND:US-SEATTLE-T1,SEATTLE,20140418,63,0,3,35,46,81,317,277,54,98,-9999,-9999,-9999,-9999,-9999
GHCND:US-SEATTLE-T1,SEATTLE,20140419,59,2,0,85,33,95,220,23,38,52,-9999,-9999,-9999,-9999,-9999
GHCND:US-SEATTLE-T1,SEATTLE,20140420,145,5,7,61,54,70,201,130,11,171,-9999,1,-9999,-9999,-9999
GHCND:US-SEATTLE-T1,SEATTLE,20140421,13,6,4,65,60,107,119,313,91,152,-9999,-9999,-9999,-9999,-9999
GHCND:US-SEATTLE-T1,SEATTLE,20140422,88,16,1,44,31,87,139,131,65,175,-9999,-9999,-9999,-9999,-9999
GHCND:US-SEATTLE-T1,SEATTLE,20140423,149,7,0,85,56,46,249,262,84,57,1,-9999,-9999,-9999,-9999
GHCND:US-SEATTLE-T1,SEATTLE,20140424,44,14,0,63,27,33,18,303,60,195,-9999,-9999,-9999,1,-9999
GHCND:US-SEATTLE-T1,SEATTLE,20140425,78,9,5,80,51,73,319,144,97,45,-9999,-9999,-9999,-9999,-9999
GHCND:US-SEATTLE-T1,SEATTLE,20140426,18,3,9,72,27,126,42,121,99,132,-9999,-9999,-9999,-9999,-9999
GHCND:US-SEATTLE-T1,SEATTLE,20140427,10,7,3,35,36,45,194,303,187,23,-9999,-9999,1,-9999,-9999
GHCND:US-SEATTLE-T1,SEATTLE,20140428,57,15,4,49,43,132,63,60,102,122,-9999,-9999,-9999,-9999,-9999
GHCND:US-SEATTLE-T1,SEATTLE,20140429,7,7,7,77,34,99,120,2,24,93,1,-9999,-9999,-9999,-9999
GHCND:US-SEATTLE-T1,SEATTLE,20140430,31,8,4,63,52,45,268,359,37,142,-9999,-9999,-9999,-9999,-9999
GHCND:US-SEATTLE-T1,SEATTLE,20140501,148,6,9,45,42,120,271,96,195,28,-9999,1,-9999,-9999,-9999
GHCND:US-SEATTLE-T1,SEATTLE,20140502,111,10,1,47,62,131,58,59,66,179,1,-9999,-9999,-9999,-9999
GHCND:US-SEATTLE-T1,SEATTLE,20140503,98,7,4,86,27,38,48,131,183,75,-9999,-9999,-9999,-9999,-9999
GHCND:US-SEATTLE-T1,SEATTLE,20140504,23,10,6,75,35,70,114,276,122,113,-9999,-9999,-9999,-9999,-9999
GHCND:US-SEATTLE-T1,SEATTLE,20140505,10,0,2,52,59,104,225,335,11,160,-9999,-9999,-9999,-9999,-9999
GHCND:US-SEATTLE-T1,SEATTLE,20140506,73,1,6,46,53,20,295,206,129,22,-9999,-9999,1,-9999,-9999
GHCND:US-SEATTLE-T1,SEATTLE,20140507,122,8,9,60,27,69,101,43,48,105,-9999,-9999,-9999,-9999,-9999
GHCND:US-SEATTLE-T1,SEATTLE,20140508,6,2,5,38,42,81,153,213,197,49,-9999,1,-9999,-9999,-9999
GHCND:US-SEATTLE-T1,SEATTLE,20140509,128,17,1,82,52,115,52,314,96,51,1,-9999,-9999,-9999,-9999
GHCND:US-SEATTLE-T1,SEATTLE,20140510,50,2,4,54,28,90,326,315,163,187,1,1,-9999,-9999,-9999
GHCND:US-SEATTLE-T1,SEATTLE,20140511,75,3,0,81,48,113,149,307,61,189,-9999,-9999,-9999,-9999,-9999
GHCND:US-SEATTLE-T1,SEATTLE,20140512,60,17,5,47,37,133,103,277,88,119,1,-9999,-9999,-9999,-9999
GHCND:US-SEATTLE-T1,SEATTLE,20140513,89,3,3,72,47,29,229,31,101,110,1,-9999,-9999,-9999,-9999
GHCND:US-SEATTLE-T1,SEATTLE,20140514,121,7,3,66,44,89,303,25,133,23,-9999,-9999,-9999,-9999,-9999
GHCND:US-SEATTLE-T1,SEATTLE,20140515,111,13,8,61,44,20,348,353,51,62,1,-9999,-9999,-9999,-9999
GHCND:US-SEATTLE-T1,SEATTLE,20140516,78,15,2,45,30,63,318,115,34,187,-9999,-9999,-9999,-9999,-9999
GHCND:US-SEATTLE-T1,SEATTLE,20140517,39,17,7,87,58,53,290,190,190,188,-9999,-9999,-9999,-9999,-9999
GHCND:US-SEATTLE-T1,SEATTLE,20140518,84,3,2,89,58,24,253,142,153,102,-9999,-9999,-9999,-9999,-9999
GHCND:US-SEATTLE-T1,SEATTLE,20140519,14,16,6,38,59,138,121,287,97,145,-9999,-9999,1,-9999,-9999
GHCND:US-SEATTLE-T1,SEATTLE,20140520,134,2,3,94,57,102,185,219,150,35,-9999,-9999,-9999,-9999,-9999
GHCND:US-SEATTLE-T1,SEATTLE,20140521,87,9,2,57,49,33,26,141,89,46,-9999,-9999,-9999,-9999,-9999
GHCND:US-SEATTLE-T1,SEATTLE,20140522,139,1,6,90,50,24,219,337,34,55,-9999,-9999,-9999,1,-9999
GHCND:US-SEATTLE-T1,SEATTLE,20140523,76,16,9,78,36,75,145,96,22,20,-9999,-9999,-9999,-9999,-9999
GHCND:US-SEATTLE-T1,SEATTLE,20140524,134,19,6,80,58,102,103,279,95,18,-9999,1,-9999,-9999,-9999
GHCND:US-SEATTLE-T1,SEATTLE,20140525,20,4,4,39,61,117,324,108,47,8,-9999,-9999,-9999,-9999,-9999
GHCND:US-SEATTLE-T1,SEATTLE,20140526,35,4,1,37,27,30,52,340,34,196,-9999,-9999,-9999,-9999,-9999
GHCND:US-SEATTLE-T1,SEATTLE,20140527,57,3,0,49,46,31,321,212,66,50,-9999,-9999,1,-9999,-9999
GHCND:US-SEATTLE-T1,SEATTLE,20140528,101,16,9,39,37,77,326,10,122,47,-9999,-9999,-9999,-9999,-9999
GHCND:US-SEATTLE-T1,SEATTLE,20140529,138,8,6,60,36,90,99,38,127,38,1,-9999,-9999,-9999,-9999
GHCND:US-SEATTLE-T1,SEATTLE,20140530,21,5,9,80,58,99,44,313,194,1,-9999,-9999,-9999,-9999,-9999
GHCND:US-SEATTLE-T1,SEATTLE,20140531,90,7,4,86,44,148,94,302,170,120,1,1,-9999,-9999,-9999
GHCND:US-SEATTLE-T1,SEATTLE,20140601,54,8,5,85,36,100,76,39,183,143,-9999,-9999,-9999,-9999,-9999
GHCND:US-SEATTLE-T1,SEATTLE,20140602,144,13,1,92,37,80,93,75,56,139,-9999,-9999,-9999,-9999,-9999
GHCND:US-SEATTLE-T1,SEATTLE,20140603,132,10,8,54,62,48,251,48,113,51,-9999,-9999,-9999,-9999,-9999
GHCND:US-SEATTLE-T1,SEATTLE,20140604,128,19,3,65,34,86,337,241,4,21,-9999,-9999,-9999,-9999,-9999
GHCND:US-SEATTLE-T1,SEATTLE,20140605,143,1,4,90,51,67,186,353,39,24,-9999,-9999,-9999,1,-9999
GHCND:US-SEATTLE-T1,SEATTLE,20140606,96,11,9,59,39,73,126,268,6,118,-9999,-9999,-9999,-9999,-9999
GHCND:US-SEATTLE-T1,SEATTLE,20140607,71,7,8,49,27,129,50,249,3,170,-9999,-9999,-9999,-9999,-9999
GHCND:US-SEATTLE-T1,SEATTLE,20140608,9,15,0,40,44,20,340,64,12,24,1,-9999,-9999,-9999,-9999
GHCND:US-SEATTLE-T1,SEATTLE,20140609,39,1,4,46,27,95,8,215,10,30,1,-9999,-9999,-9999,-9999
GHCND:US-SEATTLE-T1,SEATTLE,20140610,127,7,5,39,61,132,22,275,124,176,-9999,-9999,-9999,-9999,-9999
GHCND:US-SEATTLE-T1,SEATTLE,20140611,99,9,3,90,28,112,265,110,73,119,-9999,-9999,-9999,-9999,-9999
GHCND:US-SEATTLE-T1,SEATTLE,20140612,128,17,2,75,27,117,142,5,50,127,-9999,-9999,-9999,-9999,-9999
GHCND:US-SEATTLE-T1,SEATTLE,20140613,62,0,4,74,53,68,337,236,43,154,-9999,-9999,-9999,-9999,-9999
GHCND:US-SEATTLE-T1,SEATTLE,20140614,76,14,0,94,29,58,324,258,119,110,1,1,-9999,-9999,-9999
GHCND:US-SEATTLE-T1,SEATTLE,20140615,44,4,0,42,45,44,321,3,30,73,-9999,-9999,-9999,-9999,-9999
GHCND:US-SEATTLE-T1,SEATTLE,20140616,75,15,9,84,41,40,298,37,193,129,-9999,-9999,-9999,-9999,-9999
GHCND:US-SEATTLE-T1,SEATTLE,20140617,83,16,6,93,29,45,285,333,169,48,-9999,-9999,-9999,-9999,-9999
GHCND:US-SEATTLE-T1,SEATTLE,20140618,34,14,5,60,51,88,95,148,96,82,-9999,-9999,-9999,-9999,1
GHCND:US-SEATTLE-T1,SEATTLE,20140619,18,13,5,94,64,126,87,333,100,119,-9999,-9999,-9999,-9999,-9999
GHCND:US-SEATTLE-T1,SEATTLE,20140620,9,0,8,46,35,99,178,225,93,37,-9999,-9999,-9999,-9999,1
GHCND:US-SEATTLE-T1,SEATTLE,20140621,95,0,5,61,59,28,193,65,81,32,-9999,-9999,-9999,-9999,-9999
GHCND:US-SEATTLE-T1,SEATTLE,20140622,133,9,8,80,64,146,25,97,163,199,-9999,-9999,-9999,-9999,-9999
GHCND:US-SEATTLE-T1,SEATTLE,20140623,126,2,4,78,38,118,95,171,188,21,1,-9999,-9999,-9999,-9999
GHCND:US-SEATTLE-T1,SEATTLE,20140624,41,6,5,93,41,105,237,136,150,91,-9999,-9999,-9999,-9999,-9999
GHCND:US-SEATTLE-T1,SEATTLE,20140625,76,3,7,61,48,104,173,267,136,189,-9999,-9999,1,-9999,1
GHCND:US-SEATTLE-T1,SEATTLE,20140626,60,13,7,87,25,40,203,334,137,147,-9999,-9999,-9999,-9999,-9999
GHCND:US-SEATTLE-T1,SEATTLE,20140627,17,6,6,63,33,81,153,253,110,99,-9999,-9999,1,-9999,-9999
GHCND:US-SEATTLE-T1,SEATTLE,20140628,18,17,6,44,44,22,14,51,60,63,-9999,-9999,-9999,-9999,-9999
GHCND:US-SEATTLE-T1,SEATTLE,20140629,112,6,0,79,52,102,155,264,177,86,-9999,-9999,-9999,-9999,-9999
GHCND:US-SEATTLE-T1,SEATTLE,20140630,28,2,3,81,26,118,60,3,25,127,1,-9999,-9999,-9999,-9999
GHCND:US-SEATTLE-T1,SEATTLE,20140701,46,8,2,68,37,138,312,215,161,115,1,-9999,-9999,-9999,-9999
GHCND:US-SEATTLE-T1,SEATTLE,20140702,85,11,1,41,63,105,97,309,61,46,-9999,-9999,-9999,-9999,-9999
GHCND:US-SEATTLE-T1,SEATTLE,20140703,29,2,6,62,34,27,96,137,88,198,1,-9999,1,1,-9999
GHCND:US-SEATTLE-T1,SEATTLE,20140704,86,1,4,47,36,50,2,121,85,45,-9999,-9999,-9999,-9999,-9999
GHCND:US-SEATTLE-T1,SEATTLE,20140705,113,14,3,44,50,140,76,103,148,60,-9999,-9999,1,-9999,-9999
GHCND:US-SEATTLE-T1,SEATTLE,20140706,52,17,5,38,46,142,165,341,16,130,1,-9999,-9999,1,-9999
GHCND:US-SEATTLE-T1,SEATTLE,20140707,69,18,1,50,39,141,134,336,169,179,1,-9999,-9999,-9999,-9999
GHCND:US-SEATTLE-T1,SEATTLE,20140708,87,1,1,80,35,128,77,66,109,197,1,1,1,-9999,-9999
GHCND:US-SEATTLE-T1,SEATTLE,20140709,78,3,5,44,39,134,268,173,44,64,-9999,-9999,1,-9999,-9999
GHCND:US-SEATTLE-T1,SEATTLE,20140710,13,15,9,69,38,123,0,116,194,188,-9999,-9999,-9999,-9999,-9999
GHCND:US-SEATTLE-T1,SEATTLE,20140711,146,12,2,63,57,130,143,80,54,72,-9999,-9999,1,-9999,-9999
GHCND:US-SEATTLE-T1,SEATTLE,20140712,21,14,2,42,38,69,95,76,46,192,-9999,-9999,-9999,-9999,-9999
GHCND:US-SEATTLE-T1,SEATTLE,20140713,129,12,3,69,39,34,83,83,179,59,-9999,-9999,-9999,-9999,-9999
GHCND:US-SEATTLE-T1,SEATTLE,20140714,42,9,2,49,33,31,273,220,190,123,-9999,-9999,-9999,-9999,-9999
GHCND:US-SEATTLE-T1,SEATTLE,20140715,31,14,8,89,37,71,302,109,100,19,-9999,-9999,-9999,-9999,-9999
GHCND:US-SEATTLE-T1,SEATTLE,20140716,128,17,7,93,40,110,246,313,84,95,1,-9999,-9999,-9999,-9999
GHCND:US-SEATTLE-T1,SEATTLE,20140717,67,19,8,60,54,125,98,317,103,61,1,-9999,-9999,-9999,-9999
GHCND:US-SEATTLE-T1,SEATTLE,20140718,38,19,5,83,35,99,270,207,116,82,-9999,-9999,-9999,-9999,-9999
GHCND:US-SEATTLE-T1,SEATTLE,20140719,18,12,4,58,60,100,258,307,61,0,-9999,-9999,1,-9999,-9999
GHCND:US-SEATTLE-T1,SEATTLE,20140720,121,11,6,52,52,69,136,185,137,10,-9999,-9999,-9999,-9999,-9999
GHCND:US-SEATTLE-T1,SEATTLE,20140721,105,15,3,88,32,47,31,159,108,93,-9999,-9999,-9999,-9999,-9999
GHCND:US-SEATTLE-T1,SEATTLE,20140722,142,11,0,89,27,40,300,312,101,100,1,-9999,1,1,-9999
GHCND:US-SEATTLE-T1,SEATTLE,20140723,72,12,0,69,56,85,39,242,81,79,-9999,-9999,-9999,-9999,-9999
GHCND:US-SEATTLE-T1,SEATTLE,20140724,138,14,1,68,42,123,189,55,61,123,-9999,1,-9999,-9999,-9999
GHCND:US-SEATTLE-T1,SEATTLE,20140725,68,13,4,70,38,115,266,276,78,188,1,-9999,-9999,-9999,-9999
GHCND:US-SEATTLE-T1,SEATTLE,20140726,37,7,3,80,30,28,128,125,149,19,-9999,-9999,-9999,-9999,-9999
GHCND:US-SEATTLE-T1,SEATTLE,20140727,6,14,1,58,31,51,313,132,48,11,1,-9999,-9999,-9999,-9999
GHCND:US-SEATTLE-T1,SEATTLE,20140728,68,17,4,67,43,139,165,251,180,179,-9999,-9999,-9999,-9999,-9999
GHCND:US-SEATTLE-T1,SEATTLE,20140729,131,5,2,58,46,125,10,124,133,5,-9999,-9999,1,1,-9999
GHCND:US-SEATTLE-T1,SEATTLE,20140730,70,10,2,40,34,92,233,95,48,69,-9999,-9999,-9999,-9999,-9999
GHCND:US-SEATTLE-T1,SEATTLE,20140731,131,1,1,80,29,132,274,328,127,84,-9999,-9999,-9999,-9999,-9999
GHCND:US-SEATTLE-T1,SEATTLE,20140801,1,5,7,60,30,93,298,268,96,47,-9999,-9999,-9999,-9999,-9999
GHCND:US-SEATTLE-T1,SEATTLE,20140802,140,17,7,82,49,148,307,26,74,104,-9999,-9999,-9999,-9999,-9999
GHCND:US-SEATTLE-T1,SEATTLE,20140803,92,19,7,75,64,35,106,95,90,192,-9999,-9999,-9999,-9999,-9999
GHCND:US-SEATTLE-T1,SEATTLE,20140804,59,2,0,88,54,136,166,16,68,28,-9999,-9999,-9999,1,-9999
GHCND:US-SEATTLE-T1,SEATTLE,20140805,34,15,3,40,33,79,224,201,161,18,-9999,1,-9999,-9999,-9999
GHCND:US-SEATTLE-T1,SEATTLE,20140806,142,16,1,84,32,119,296,347,122,192,-9999,-9999,-9999,-9999,-9999
GHCND:US-SEATTLE-T1,SEATTLE,20140807,130,1,4,84,30,43,340,204,16,118,-9999,-9999,-9999,-9999,-9999
GHCND:US-SEATTLE-T1,SEATTLE,20140808,126,18,0,51,28,112,275,242,168,1,-9999,-9999,-9999,-9999,-9999
GHCND:US-SEATTLE-T1,SEATTLE,20140809,7,2,9,41,62,76,93,279,196,137,-9999,-9999,-9999,-9999,-9999
GHCND:US-SEATTLE-T1,SEATTLE,20140810,56,11,9,53,27,54,107,14,192,128,-9999,1,-9999,-9999,-9999
GHCND:US-SEATTLE-T1,SEATTLE,20140811,89,5,2,82,33,134,212,49,111,80,-9999,1,-9999,-9999,-9999
GHCND:US-SEATTLE-T1,SEATTLE,20140812,16,1,7,57,48,95,275,228,72,72,-9999,-9999,1,-9999,-9999
GHCND:US-SEATTLE-T1,SEATTLE,20140813,14,16,7,50,58,99,56,341,48,187,-9999,-9999,-9999,-9999,-9999
GHCND:US-SEATTLE-T1,SEATTLE,20140814,99,2,6,53,46,37,80,244,109,25,1,-9999,1,-9999,-9999
GHCND:US-SEATTLE-T1,SEATTLE,20140815,7,13,2,73,60,63,146,64,115,82,-9999,-9999,1,-9999,-9999
GHCND:US-SEATTLE-T1,SEATTLE,20140816,9,9,3,76,51,142,337,2,120,182,-9999,-9999,-9999,-9999,-9999
GHCND:US-SEATTLE-T1,SEATTLE,20140817,139,17,8,48,28,139,90,238,125,151,-9999,-9999,-9999,-9999,-9999
GHCND:US-SEATTLE-T1,SEATTLE,20140818,110,13,2,71,52,88,249,177,33,96,-9999,-9999,-9999,-9999,-9999
GHCND:US-SEATTLE-T1,SEATTLE,20140819,143,18,9,67,40,83,248,239,80,69,-9999,1,-9999,-9999,1
GHCND:US-SEATTLE-T1,SEATTLE,20140820,70,5,7,36,58,57,272,298,197,125,-9999,-9999,1,-9999,-9999
GHCND:US-SEATTLE-T1,SEATTLE,20140821,126,8,6,90,60,149,5,31,149,134,-9999,-9999,-9999,-9999,-9999
GHCND:US-SEATTLE-T1,SEATTLE,20140822,89,12,1,49,62,22,33,132,26,0,-9999,-9999,-9999,-9999,-9999
GHCND:US-SEATTLE-T1,SEATTLE,20140823,104,19,5,44,38,87,93,246,70,192,-9999,-9999,-9999,-9999,-9999
GHCND:US-SEATTLE-T1,SEATTLE,20140824,124,7,9,90,56,66,148,336,112,199,-9999,-9999,-9999,-9999,-9999
GHCND:US-SEATTLE-T1,SEATTLE,20140825,119,12,7,94,29,21,221,322,24,52,-9999,1,-9999,-9999,-9999
GHCND:US-SEATTLE-T1,SEATTLE,20140826,56,17,1,46,32,55,48,251,107,38,1,-9999,-9999,-9999,-9999
GHCND:US-SEATTLE-T1,SEATTLE,20140827,99,17,7,82,26,53,17,295,137,156,-9999,-9999,-9999,-9999,-9999
GHCND:US-SEATTLE-T1,SEATTLE,20140828,148,5,5,63,61,131,164,344,180,10,-9999,-9999,-9999,-9999,-9999
GHCND:US-SEATTLE-T1,SEATTLE,20140829,123,0,9,88,45,104,276,187,30,131,-9999,-9999,-9999,-9999,-9999
GHCND:US-SEATTLE-T1,SEATTLE,20140830,114,4,4,44,50,132,14,145,84,136,-9999,-9999,-9999,-9999,-9999
GHCND:US-SEATTLE-T1,SEATTLE,20140831,118,13,5,36,62,75,67,252,106,3,-9999,-9999,1,-9999,-9999
GHCND:US-SEATTLE-T1,SEATTLE,20140901,111,7,3,38,26,75,29,245,58,136,-9999,-9999,-9999,-9999,-9999
GHCND:US-SEATTLE-T1,SEATTLE,20140902,110,8,2,64,51,21,146,141,198,15,-9999,-9999,-9999,-9999,-9999
GHCND:US-SEATTLE-T1,SEATTLE,20140903,121,12,3,44,47,138,4,256,85,18,1,-9999,1,-9999,-9999
GHCND:US-SEATTLE-T1,SEATTLE,20140904,24,12,8,71,58,99,103,274,98,170,-9999,1,-9999,-9999,-9999
GHCND:US-SEATTLE-T1,SEATTLE,20140905,125,16,8,46,25,122,55,272,44,91,-9999,-9999,-9999,-9999,-9999
GHCND:US-SEATTLE-T1,SEATTLE,20140906,54,18,6,86,36,138,185,92,90,128,1,-9999,-9999,-9999,-9999
GHCND:US-SEATTLE-T1,SEATTLE,20140907,63,12,5,55,59,38,86,321,84,106,1,-9999,-9999,-9999,-9999
GHCND:US-SEATTLE-T1,SEATTLE,20140908,77,2,6,49,52,139,233,310,118,176,-9999,-9999,-9999,-9999,-9999
GHCND:US-SEATTLE-T1,SEATTLE,20140909,127,1,5,69,36,91,55,230,46,64,-9999,-9999,-9999,-9999,-9999
GHCND:US-SEATTLE-T1,SEATTLE,20140910,100,6,4,57,29,63,177,154,17,5,-9999,-9999,-9999,-9999,-9999
GHCND:US-SEATTLE-T1,SEATTLE,20140911,56,15,4,37,54,38,67,274,107,43,1,-9999,-9999,-9999,-9999
GHCND:US-SEATTLE-T1,SEATTLE,20140912,74,18,1,64,36,60,29,243,92,196,-9999,-9999,-9999,-9999,-9999
GHCND:US-SEATTLE-T1,SEATTLE,20140913,138,18,8,84,57,21,73,11,42,22,-9999,-9999,-9999,-9999,-9999
GHCND:US-SEATTLE-T1,SEATTLE,20140914,145,0,4,74,52,51,336,253,116,91,-9999,-9999,-9999,-9999,-9999
GHCND:US-SEATTLE-T1,SEATTLE,20140915,27,14,7,51,48,30,57,161,199,22,-9999,-9999,-9999,-9999,-9999
GHCND:US-SEATTLE-T1,SEATTLE,20140916,11,6,9,45,62,20,100,344,138,95,-9999,-9999,-9999,-9999,-9999
GHCND:US-SEATTLE-T1,SEATTLE,20140917,69,2,4,88,36,26,323,149,105,37,1,-9999,-9999,-9999,-9999
GHCND:US-SEATTLE-T1,SEATTLE,20140918,88,0,3,60,58,25,274,282,152,157,-9999,1,-9999,-9999,-9999
GHCND:US-SEATTLE-T1,SEATTLE,20140919,19,9,1,60,49,72,56,191,125,188,-9999,-9999,-9999,-9999,-9999
GHCND:US-SEATTLE-T1,SEATTLE,20140920,98,9,3,79,50,122,34,121,59,15,-9999,-9999,1,-9999,-9999
GHCND:US-SEATTLE-T1,SEATTLE,20140921,114,17,5,83,52,96,147,29,113,171,-9999,-9999,-9999,-9999,-9999
GHCND:US-SEATTLE-T1,SEATTLE,20140922,51,14,3,67,37,40,49,93,174,26,-9999,-9999,-9999,-9999,-9999
GHCND:US-SEATTLE-T1,SEATTLE,20140923,18,3,6,74,53,42,190,89,121,70,-9999,-9999,-9999,-9999,-9999
GHCND:US-SEATTLE-T1,SEATTLE,20140924,62,15,2,91,29,131,173,273,12,169,-9999,-9999,-9999,-9999,-9999
GHCND:US-SEATTLE-T1,SEATTLE,20140925,104,8,8,48,36,45,215,210,122,103,-9999,-9999,-9999,-9999,1
GHCND:US-SEATTLE-T1,SEATTLE,20140926,119,8,7,67,42,119,263,120,56,16,-9999,-9999,1,-9999,-9999
GHCND:US-SEATTLE-T1,SEATTLE,20140927,1,13,4,40,26,59,317,265,56,101,-9999,-9999,-9999,-9999,-9999
GHCND:US-SEATTLE-T1,SEATTLE,20140928,103,1,4,41,57,44,293,160,177,20,-9999,1,-9999,-9999,-9999
GHCND:US-SEATTLE-T1,SEATTLE,20140929,34,6,6,69,62,87,176,126,159,178,-9999,-9999,-9999,-9999,-9999
GHCND:US-SEATTLE-T1,SEATTLE,20140930,77,18,2,48,61,129,199,125,60,106,1,-9999,-9999,-9999,-9999
GHCND:US-SEATTLE-T1,SEATTLE,20141001,76,6,0,50,47,42,131,250,92,141,1,-9999,-9999,-9999,-9999
GHCND:US-SEATTLE-T1,SEATTLE,20141002,95,10,2,92,51,101,29,140,187,167,-9999,-9999,-9999,-9999,-9999
GHCND:US-SEATTLE-T1,SEATTLE,20141003,77,18,3,54,42,73,147,68,189,109,-9999,-9999,-9999,-9999,-9999
GHCND:US-SEATTLE-T1,SEATTLE,20141004,21,13,9,55,44,137,335,66,87,127,-9999,-9999,-9999,-9999,-9999
GHCND:US-SEATTLE-T1,SEATTLE,20141005,92,11,7,41,44,34,158,36,7,46,-9999,-9999,-9999,-9999,-9999
GHCND:US-SEATTLE-T1,SEATTLE,20141006,14,14,7,73,45,93,44,189,116,98,-9999,-9999,-9999,-9999,-9999
GHCND:US-SEATTLE-T1,SEATTLE,20141007,88,6,3,49,37,121,17,76,194,19,-9999,-9999,-9999,-9999,-9999
GHCND:US-SEATTLE-T1,SEATTLE,20141008,19,12,3,74,43,73,39,228,79,110,-9999,-9999,-9999,-9999,-9999
GHCND:US-SEATTLE-T1,SEATTLE,20141009,143,3,9,66,40,78,278,290,175,45,1,-9999,-9999,-9999,-9999
GHCND:US-SEATTLE-T1,SEATTLE,20141010,49,14,4,43,40,120,19,226,12,69,-9999,1,1,-9999,-9999
GHCND:US-SEATTLE-T1,SEATTLE,20141011,82,19,5,62,50,79,107,83,63,63,-9999,-9999,1,-9999,-9999
GHCND:US-SEATTLE-T1,SEATTLE,20141012,96,17,1,37,31,40,359,218,80,117,-9999,-9999,-9999,-9999,-9999
GHCND:US-SEATTLE-T1,SEATTLE,20141013,44,4,6,90,34,141,226,173,60,73,-9999,-9999,-9999,-9999,-9999
GHCND:US-SEATTLE-T1,SEATTLE,20141014,65,15,9,63,32,45,300,91,125,44,-9999,-9999,-9999,-9999,-9999
GHCND:US-SEATTLE-T1,SEATTLE,20141015,85,7,6,38,35,43,166,117,54,120,-9999,-9999,-9999,-9999,-9999
GHCND:US-SEATTLE-T1,SEATTLE,20141016,67,18,8,45,62,32,126,5,72,128,-9999,-9999,-9999,-9999,-9999
GHCND:US-SEATTLE-T1,SEATTLE,20141017,13,5,3,86,36,69,192,124,161,65,-9999,-9999,-9999,-9999,-9999
GHCND:US-SEATTLE-T1,SEATTLE,20141018,65,15,5,90,42,121,333,347,14,34,-9999,-9999,-9999,-9999,-9999
GHCND:US-SEATTLE-T1,SEATTLE,20141019,130,8,0,87,34,106,265,165,175,75,-9999,-9999,-9999,-9999,-9999
GHCND:US-SEATTLE-T1,SEATTLE,20141020,6,13,7,65,56,117,177,111,25,12,1,-9999,-9999,-9999,-9999
GHCND:US-SEATTLE-T1,SEATTLE,20141021,117,3,7,51,34,27,339,285,177,124,-9999,-9999,-9999,-9999,-9999
GHCND:US-SEATTLE-T1,SEATTLE,20141022,40,12,9,76,26,120,171,214,168,153,-9999,-9999,-9999,-9999,-9999
GHCND:US-SEATTLE-T1,SEATTLE,20141023,31,12,4,62,35,26,230,285,74,15,1,-9999,-9999,-9999,-9999
GHCND:US-SEATTLE-T1,SEATTLE,20141024,118,12,8,88,39,25,115,324,88,36,-9999,1,-9999,-9999,-9999
GHCND:US-SEATTLE-T1,SEATTLE,20141025,15,2,2,84,45,81,178,155,197,75,-9999,-9999,-9999,-9999,-9999
GHCND:US-SEATTLE-T1,SEATTLE,20141026,99,11,5,74,57,142,342,166,54,103,-9999,-9999,-9999,-9999,-9999
GHCND:US-SEATTLE-T1,SEATTLE,20141027,109,11,7,64,62,21,6,244,74,61,-9999,-9999,-9999,-9999,-9999
GHCND:US-SEATTLE-T1,SEATTLE,20141028,78,14,6,58,61,118,155,0,191,191,-9999,-9999,-9999,-9999,-9999
GHCND:US-SEATTLE-T1,SEATTLE,20141029,137,19,5,71,48,111,106,267,196,110,1,-9999,-9999,-9999,-9999
GHCND:US-SEATTLE-T1,SEATTLE,20141030,37,17,5,44,46,70,202,41,36,24,-9999,-9999,1,-9999,-9999
GHCND:US-SEATTLE-T1,SEATTLE,20141031,128,1,1,81,41,94,306,67,99,87,1,-9999,-9999,-9999,-9999
GHCND:US-SEATTLE-T1,SEATTLE,20141101,103,2,6,82,48,66,163,316,76,171,1,-9999,-9999,-9999,-9999
GHCND:US-SEATTLE-T1,SEATTLE,20141102,84,14,8,87,52,51,23,214,85,73,1,-9999,-9999,-9999,-9999
GHCND:US-SEATTLE-T1,SEATTLE,20141103,23,19,5,85,47,112,303,142,143,189,-9999,-9999,-9999,-9999,-9999
GHCND:US-SEATTLE-T1,SEATTLE,20141104,125,19,4,41,46,54,57,170,193,65,1,-9999,-9999,-9999,-9999
GHCND:US-SEATTLE-T1,SEATTLE,20141105,19,0,1,54,36,24,230,86,128,1,-9999,-9999,-9999,-9999,-9999
GHCND:US-SEATTLE-T1,SEATTLE,20141106,129,16,5,79,55,74,345,300,111,141,-9999,1,-9999,-9999,-9999
GHCND:US-SEATTLE-T1,SEATTLE,20141107,47,5,1,51,50,97,252,209,46,4,-9999,1,-9999,-9999,-9999
GHCND:US-SEATTLE-T1,SEATTLE,20141108,30,9,9,39,57,109,310,289,13,29,-9999,-9999,-9999,-9999,-9999
GHCND:US-SEATTLE-T1,SEATTLE,20141109,67,19,8,61,49,69,61,37,100,28,1,1,1,-9999,-9999
GHCND:US-SEATTLE-T1,SEATTLE,20141110,113,8,3,66,27,30,271,32,13,142,-9999,-9999,-9999,-9999,-9999
GHCND:US-SEATTLE-T1,SEATTLE,20141111,141,15,1,46,61,49,304,149,51,160,-9999,-9999,-9999,-9999,-9999
GHCND:US-SEATTLE-T1,SEATTLE,20141112,59,1,9,55,61,147,150,348,108,24,1,-9999,-9999,-9999,-9999
GHCND:US-SEATTLE-T1,SEATTLE,20141113,97,0,4,62,33,74,107,263,135,107,-9999,-9999,-9999,-9999,-9999
GHCND:US-SEATTLE-T1,SEATTLE,20141114,82,3,4,71,46,135,270,300,44,33,-9999,-9999,-9999,-9999,-9999
GHCND:US-SEATTLE-T1,SEATTLE,20141115,129,8,5,48,56,83,74,148,0,12,-9999,-9999,-9999,-9999,-9999
GHCND:US-SEATTLE-T1,SEATTLE,20141116,42,5,4,50,37,102,230,44,45,5,-9999,-9999,1,-9999,-9999
GHCND:US-SEATTLE-T1,SEATTLE,20141117,35,17,7,38,62,111,206,183,48,107,-9999,-9999,-9999,-9999,-9999
GHCND:US-SEATTLE-T1,SEATTLE,20141118,143,9,1,86,48,114,284,59,186,77,-9999,-9999,-9999,-9999,-9999
GHCND:US-SEATTLE-T1,SEATTLE,20141119,89,1,1,77,30,140,182,39,60,83,-9999,-9999,-9999,-9999,-9999
GHCND:US-SEATTLE-T1,SEATTLE,20141120,41,7,6,72,36,131,303,323,178,140,-9999,-9999,-9999,-9999,-9999
GHCND:US-SEATTLE-T1,SEATTLE,20141121,148,4,7,85,40,101,129,202,30,3,1,1,-9999,-9999,-9999
GHCND:US-SEATTLE-T1,SEATTLE,20141122,125,8,7,70,27,39,177,351,68,159,-9999,-9999,-9999,-9999,-9999
GHCND:US-SEATTLE-T1,SEATTLE,20141123,107,15,7,40,26,135,305,164,33,57,-9999,-9999,-9999,-9999,-9999
GHCND:US-SEATTLE-T1,SEATTLE,20141124,78,16,3,53,56,114,139,302,59,114,-9999,-9999,-9999,-9999,-9999
GHCND:US-SEATTLE-T1,SEATTLE,20141125,1,3,6,43,41,61,263,173,126,64,1,-9999,-9999,-9999,-9999
GHCND:US-SEATTLE-T1,SEATTLE,20141126,50,5,5,87,55,131,358,146,190,122,-9999,-9999,-9999,-9999,-9999
GHCND:US-SEATTLE-T1,SEATTLE,20141127,138,7,5,87,58,49,87,114,58,75,-9999,-9999,-9999,-9999,-9999
GHCND:US-SEATTLE-T1,SEATTLE,20141128,79,0,4,50,55,125,70,219,68,173,1,1,1,-9999,-9999
GHCND:US-SEATTLE-T1,SEATTLE,20141129,85,9,9,60,41,108,4,110,67,116,-9999,-9999,1,-9999,-9999
GHCND:US-SEATTLE-T1,SEATTLE,20141130,8,4,0,41,26,102,347,224,33,95,-9999,-9999,-9999,-9999,-9999
GHCND:US-SEATTLE-T1,SEATTLE,20141201,141,19,4,94,41,118,359,89,149,91,-9999,-9999,1,1,-9999
GHCND:US-SEATTLE-T1,SEATTLE,20141202,14,5,4,53,46,64,191,16,47,122,-9999,1,1,-9999,-9999
GHCND:US-SEATTLE-T1,SEATTLE,20141203,38,18,2,62,44,135,342,54,80,48,1,-9999,-9999,-9999,-9999
GHCND:US-SEATTLE-T1,SEATTLE,20141204,102,11,8,88,50,53,52,85,105,156,-9999,-9999,-9999,-9999,-9999
GHCND:US-SEATTLE-T1,SEATTLE,20141205,91,11,7,70,40,40,124,224,116,56,-9999,-9999,-9999,-9999,-9999
GHCND:US-SEATTLE-T1,SEATTLE,20141206,55,13,9,70,61,72,353,48,113,21,1,-9999,-9999,-9999,-9999
GHCND:US-SEATTLE-T1,SEATTLE,20141207,122,17,1,73,56,74,296,218,189,193,1,-9999,-9999,-9999,-9999
GHCND:US-SEATTLE-T1,SEATTLE,20141208,42,12,8,92,42,76,341,79,163,88,-9999,-9999,-9999,-9999,-9999
GHCND:US-SEATTLE-T1,SEATTLE,20141209,35,15,9,93,56,35,310,79,132,154,-9999,-9999,-9999,-9999,-9999
GHCND:US-SEATTLE-T1,SEATTLE,20141210,144,1,8,85,45,83,230,142,117,126,-9999,-9999,-9999,-9999,-9999
GHCND:US-SEATTLE-T1,SEATTLE,20141211,48,18,5,37,53,134,177,271,59,156,-9999,1,-9999,-9999,-9999
GHCND:US-SEATTLE-T1,SEATTLE,20141212,146,15,0,82,50,117,0,119,151,1,-9999,-9999,-9999,1,-9999
GHCND:US-SEATTLE-T1,SEATTLE,20141213,31,17,7,67,37,83,33,147,166,159,-9999,-9999,-9999,-9999,-9999
GHCND:US-SEATTLE-T1,SEATTLE,20141214,87,2,8,84,59,137,104,4,115,0,-9999,-9999,-9999,-9999,-9999
GHCND:US-SEATTLE-T1,SEATTLE,20141215,39,12,7,81,52,149,112,354,90,40,-9999,-9999,-9999,-9999,-9999
GHCND:US-SEATTLE-T1,SEATTLE,20141216,40,12,9,93,57,87,98,320,125,16,-9999,-9999,-9999,-9999,-9999
GHCND:US-SEATTLE-T1,SEATTLE,20141217,56,11,7,43,40,50,66,302,158,192,-9999,-9999,-9999,-9999,-9999
GHCND:US-SEATTLE-T1,SEATTLE,20141218,130,5,5,81,49,48,317,337,148,101,-9999,-9999,-9999,-9999,-9999
GHCND:US-SEATTLE-T1,SEATTLE,20141219,142,16,2,54,35,126,181,316,73,75,-9999,-9999,-9999,-9999,-9999
GHCND:US-SEATTLE-T1,SEATTLE,20141220,127,10,1,94,30,33,97,356,155,66,1,-9999,-9999,-9999,-9999
GHCND:US-SEATTLE-T1,SEATTLE,20141221,6,10,5,49,56,50,162,280,80,106,-9999,-9999,-9999,1,-9999
GHCND:US-SEATTLE-T1,SEATTLE,20141222,92,4,0,88,62,146,226,348,39,120,-9999,-9999,1,-9999,-9999
GHCND:US-SEATTLE-T1,SEATTLE,20141223,66,18,0,56,56,75,204,263,42,102,-9999,-9999,-9999,-9999,-9999
GHCND:US-SEATTLE-T1,SEATTLE,20141224,121,5,0,62,39,57,300,104,181,48,-9999,-9999,-9999,-9999,-9999
GHCND:US-SEATTLE-T1,SEATTLE,20141225,134,16,7,51,35,36,334,353,133,107,-9999,-9999,-9999,-9999,-9999
GHCND:US-SEATTLE-T1,SEATTLE,20141226,139,7,5,68,30,61,210,207,76,117,1,-9999,-9999,-9999,-9999
GHCND:US-SEATTLE-T1,SEATTLE,20141227,56,19,4,73,34,123,149,28,59,124,-9999,-9999,-9999,-9999,-9999
GHCND:US-SEATTLE-T1,SEATTLE,20141228,55,12,7,46,48,86,59,164,183,130,-9999,-9999,-9999,-9999,-9999
GHCND:US-SEATTLE-T1,SEATTLE,20141229,92,5,1,76,44,130,309,341,61,0,-9999,1,-9999,-9999,-9999
GHCND:US-SEATTLE-T1,SEATTLE,20141230,116,2,0,66,31,108,320,198,167,102,-9999,-9999,-9999,1,-9999
GHCND:US-SEATTLE-T1,SEATTLE,20141231,99,14,3,79,34,149,161,344,138,74,1,-9999,-9999,-9999,-9999
