Name,Age,City,Email,Phone
p
e
o
p
l
e
 
=
 
[
"
"
 
 
 
 
[
'
E
r
o
l
 
X
'
","
 
3
9
","
 
'
N
e
w
 
Y
o
r
k
'
","
 
'
e
r
o
l
@
m
a
i
l
.
c
o
m
'
","
 
'
1
1
1
-
2
2
2
-
3
3
3
3
'
]
","
"
"
 
 
 
 
[
'
M
a
r
t
i
n
 
L
u
t
h
e
r
 
K
i
n
g
'
","
 
3
9
","
 
'
A
t
l
a
n
t
a
'
","
 
'
m
a
r
t
i
n
@
m
a
i
l
.
c
o
m
'
","
 
'
4
4
4
-
5
5
5
-
6
6
6
6
'
]
","
"
"
 
 
 
 
[
'
N
e
l
s
o
n
 
M
a
n
d
e
l
a
'
","
 
9
5
","
 
'
J
o
h
a
n
n
e
s
b
u
r
g
'
","
 
'
n
e
l
s
o
n
@
m
a
i
l
.
c
o
m
'
","
 
'
7
7
7
-
8
8
8
-
9
9
9
9
'
]
","
"
"
 
 
 
 
[
'
A
d
a
 
L
o
v
e
l
a
c
e
'
","
 
3
6
","
 
'
L
o
n
d
o
n
'
","
 
'
a
d
a
@
m
a
i
l
.
c
o
m
'
","
 
'
2
2
2
-
3
3
3
-
4
4
4
4
'
]
","
"
"
 
 
 
 
[
'
G
r
a
c
e
 
H
o
p
p
e
r
'
","
 
8
5
","
 
'
N
e
w
 
Y
o
r
k
'
","
 
'
g
r
a
c
e
@
m
a
i
l
.
c
o
m
'
","
 
'
3
3
3
-
4
4
4
-
5
5
5
5
'
]
","
"
"
 
 
 
 
[
'
A
l
a
n
 
T
u
r
i
n
g
'
","
 
4
1
","
 
'
L
o
n
d
o
n
'
","
 
'
a
l
a
n
@
m
a
i
l
.
c
o
m
'
","
 
'
4
4
4
-
5
5
5
-
6
6
6
6
'
]
","
"
"
 
 
 
 
[
'
K
a
t
h
e
r
i
n
e
 
J
o
h
n
s
o
n
'
","
 
1
0
1
","
 
'
W
h
i
t
e
 
S
u
l
p
h
u
r
 
S
p
r
i
n
g
s
'
","
 
'
k
a
t
h
e
r
i
n
e
@
m
a
i
l
.
c
o
m
'
","
 
'
5
5
5
-
6
6
6
-
7
7
7
7
'
]
","
"
"
 
 
 
 
[
'
M
a
r
i
e
 
C
u
r
i
e
'
","
 
6
6
","
 
'
P
a
r
i
s
'
","
 
'
m
a
r
i
e
@
m
a
i
l
.
c
o
m
'
","
 
'
6
6
6
-
7
7
7
-
8
8
8
8
'
]
","
"
"
 
 
 
 
[
'
N
i
k
o
l
a
 
T
e
s
l
a
'
","
 
8
6
","
 
'
S
m
i
l
j
a
n
'
","
 
'
t
e
s
l
a
@
m
a
i
l
.
c
o
m
'
","
 
'
7
7
7
-
8
8
8
-
9
9
9
9
'
]
","
"
"
 
 
 
 
[
'
R
o
s
a
l
i
n
d
 
F
r
a
n
k
l
i
n
'
","
 
3
7
","
 
'
L
o
n
d
o
n
'
","
 
'
r
o
s
a
l
i
n
d
@
m
a
i
l
.
c
o
m
'
","
 
'
8
8
8
-
9
9
9
-
0
0
0
0
'
]
"
"
]
"
"
